0,nan
3,206302.0
6,233328.0
9,230733.0
12,230630.0
15,473451.0
18,285175.0
21,280826.0
24,200599.0
27,167440.0
30,252987.0
33,190526.0
36,174564.0
39,180803.0
42,155930.0
45,217853.0
48,146142.0
51,152675.0
54,107726.0
57,126019.0
60,109985.0
63,130810.0
66,115145.0
69,72822.0
72,145597.0
75,106797.0
78,51016.0
81,88835.0
84,55087.0
87,47856.0
90,55678.0
93,50987.0
96,73578.0
99,65651.0
102,46912.0
105,60866.0
108,24376.0
111,22805.0
114,30695.0
117,53316.0
120,65962.0
123,30409.0
126,25154.0
129,35733.0
132,55921.0
135,39586.0
138,36892.0
141,42387.0
144,52990.0
147,21263.0
150,42576.0
153,15455.0
156,37662.0
159,58192.0
162,21987.0
165,31739.0
168,16681.0
171,74239.0
174,27890.0
177,49368.0
180,9181.0
183,19592.0
186,17327.0
189,67734.0
192,10212.0
195,109644.0
198,14131.0
201,39662.0
204,146650.0
207,65701.0
210,32730.0
213,16275.0
216,96665.0
219,39140.0
222,9448.0
225,92109.0
228,55677.0
231,42635.0
234,10872.0
237,19880.0
240,68868.0
243,7065.0
246,48437.0
249,13217.0
252,8996.0
255,13388.0
258,10396.0
261,23799.0
264,76977.0
267,7562.0
270,7434.0
273,24853.0
276,48281.0
279,6307.0
282,28048.0
285,15165.0
288,6025.0
291,13779.0
294,10486.0
297,102392.0
300,62718.0
303,14433.0
306,3044.0
309,28192.0
312,26328.0
315,5285.0
318,13785.0
321,5110.0
324,159300.0
327,10877.0
330,9634.0
333,6343.0
336,93885.0
339,8559.0
342,99346.0
345,4740.0
348,27256.0
351,15564.0
354,98493.0
357,53565.0
360,60079.0
363,3046.0
366,2720.0
369,42428.0
372,4671.0
375,4822.0
378,6480.0
381,10228.0
384,11702.0
387,2338.0
390,9079.0
393,4278.0
396,9496.0
399,11730.0
402,5298.0
405,8375.0
408,52228.0
411,9232.0
414,1675.0
417,2487.0
420,8886.0
423,15419.0
426,16683.0
429,7630.0
432,1674.0
435,3954.0
438,6368.0
441,6013.0
444,51906.0
447,4078.0
450,6829.0
453,1950.0
456,2016.0
459,1926.0
462,73336.0
465,3727.0
468,1557.0
471,4349.0
474,1212.0
477,66701.0
480,7130.0
483,65262.0
486,1721.0
489,2897.0
492,2658.0
495,629.0
498,4210.0
501,4929.0
504,2808.0
507,2042.0
510,6075.0
513,4109.0
516,1577.0
519,13489.0
522,3209.0
525,2533.0
528,7404.0
531,4907.0
534,306.0
537,7166.0
540,1002.0
543,2640.0
546,654.0
549,975.0
552,1860.0
555,493.0
558,718.0
561,2363.0
564,40667.0
567,5322.0
570,6803.0
573,1927.0
576,1425.0
579,3081.0
582,3113.0
585,1205.0
588,3466.0
591,570.0
594,3669.0
597,6191.0
600,3146.0
603,3608.0
606,2609.0
609,228.0
612,3969.0
615,727.0
618,622.0
621,3688.0
624,2528.0
627,6423.0
630,77831.0
633,15769.0
636,4034.0
639,1947.0
642,68.0
645,2053.0
648,32.0
651,65025.0
654,4074.0
657,4312.0
660,673.0
663,679.0
666,22382.0
669,355.0
672,2366.0
675,3878.0
678,3008.0
681,2431.0
684,18696.0
687,12531.0
690,3416.0
693,36623.0
696,13096.0
699,660.0
702,181.0
705,537.0
708,42093.0
711,783.0
714,5590.0
717,3874.0
720,66736.0
723,1818.0
726,14858.0
729,2691.0
732,513.0
735,235.0
738,212.0
741,2081.0
744,9710.0
747,386.0
750,2212.0
753,587.0
756,1533.0
759,3.0
762,2154.0
765,1430.0
768,1585.0
771,2453.0
774,357.0
777,401.0
780,58475.0
783,1687.0
786,59.0
789,4074.0
792,1417.0
795,1662.0
798,2191.0
801,2967.0
804,66866.0
807,66406.0
810,176.0
813,8166.0
816,6321.0
819,815.0
822,2503.0
825,1411.0
828,2394.0
831,2417.0
834,6149.0
837,1912.0
840,1588.0
843,270.0
846,5424.0
849,1124.0
852,2659.0
855,18.0
858,73.0
861,3516.0
864,3064.0
867,1226.0
870,1175.0
873,4295.0
876,1274.0
879,54.0
882,128.0
885,937.0
888,104.0
891,1122.0
894,559.0
897,407.0
900,2165.0
903,2417.0
906,1134.0
909,122.0
912,1681.0
915,13.0
918,136.0
921,3535.0
924,3857.0
927,1620.0
930,296.0
933,400.0
936,4642.0
939,454.0
942,287.0
945,716.0
948,154.0
951,164.0
954,1026.0
957,1994.0
960,288.0
963,110.0
966,604.0
969,17889.0
972,1437.0
975,1709.0
978,579.0
981,266.0
984,216.0
987,369.0
990,1515.0
993,3580.0
996,1135.0
999,3805.0
1002,2256.0
1005,102.0
1008,2203.0
1011,3602.0
1014,400.0
1017,926.0
1020,586.0
1023,1300.0
1026,294.0
1029,796.0
1032,1163.0
1035,593.0
1038,2740.0
1041,65.0
1044,1271.0
1047,1365.0
1050,461.0
1053,1289.0
1056,916.0
1059,89.0
1062,1138.0
1065,1
1068,1282.0
1071,7360.0
1074,1052.0
1077,4513.0
1080,2.0
1083,1162.0
1086,1966.0
1089,2098.0
1092,819.0
1095,865.0
1098,1.0
1101,1500.0
1104,2.0
1107,676.0
1110,12.0
1113,9.0
1116,34465.0
1119,102.0
1122,184.0
1125,4122.0
1128,67.0
1131,3009.0
1134,1.0
1137,65.0
1140,358.0
1143,829.0
1146,689.0
1149,698.0
1152,2000.0
1155,1492.0
1158,174.0
1161,665.0
1164,2590.0
1167,1260.0
1170,226.0
1173,289.0
1176,599.0
1179,110.0
1182,74.0
1185,177.0
1188,1152.0
1191,158.0
1194,1935.0
1197,376.0
1200,2631.0
1203,242.0
1206,30.0
1209,1
1212,1
1215,1371.0
1218,124.0
1221,2568.0
1224,23.0
1227,527.0
1230,115.0
1233,1
1236,741.0
1239,12.0
1242,2056.0
1245,1309.0
1248,934.0
1251,112.0
1254,53.0
1257,1475.0
1260,26.0
1263,1013.0
1266,54.0
1269,1241.0
1272,1369.0
1275,3.0
1278,639.0
1281,53.0
1284,1504.0
1287,166.0
1290,112.0
1293,1022.0
1296,4.0
1299,1
1302,858.0
1305,1346.0
1308,91.0
1311,11598.0
1314,3054.0
1317,1750.0
1320,15.0
1323,425.0
1326,1
1329,27.0
1332,726.0
1335,1
1338,15519.0
1341,3.0
1344,11.0
1347,4.0
1350,160.0
1353,153.0
1356,1535.0
1359,3180.0
1362,109.0
1365,724.0
1368,1067.0
1371,1.0
1374,514.0
1377,74.0
1380,70.0
1383,317.0
1386,180.0
1389,5.0
1392,95.0
1395,154.0
1398,655.0
1401,1.0
1404,6.0
1407,1
1410,29.0
1413,23.0
1416,1
1419,177.0
1422,544.0
1425,2714.0
1428,1042.0
1431,7.0
1434,3.0
1437,1
1440,1
1443,2.0
1446,1
1449,1281.0
1452,25.0
1455,10994.0
1458,229.0
1461,2011.0
1464,1.0
1467,1
1470,1
1473,1
1476,904.0
1479,114.0
1482,1
1485,1.0
1488,275.0
1491,1
1494,2.0
1497,1112.0
1500,1.0
1503,3.0
1506,51.0
1509,1
1512,11.0
1515,1.0
1518,1
1521,59.0
1524,2.0
1527,338.0
1530,1
1533,1
1536,1
1539,1.0
1542,284.0
1545,1
1548,9177.0
1551,1
1554,1.0
1557,3.0
1560,1.0
1563,1
1566,840.0
1569,176.0
1572,1112.0
1575,126.0
1578,2945.0
1581,13.0
1584,1
1587,1694.0
1590,118.0
1593,481.0
1596,100.0
1599,1.0
1602,13.0
1605,1
1608,448.0
1611,1.0
1614,114.0
1617,1
1620,1
1623,1028.0
1626,18.0
1629,1
1632,1111.0
1635,1
1638,1
1641,1
1644,1.0
1647,1.0
1650,1
1653,1112.0
1656,1111.0
1659,2.0
1662,724.0
1665,61.0
1668,1
1671,1
1674,2.0
1677,699.0
1680,695.0
1683,387.0
1686,1
1689,1
1692,1
1695,1
1698,6.0
1701,22.0
1704,1.0
1707,1
1710,1
1713,1
1716,351.0
1719,1
1722,1112.0
1725,1
1728,1
1731,1
1734,1
1737,1
1740,1
1743,1
1746,1
1749,2762.0
1752,1266.0
1755,708.0
1758,1
1761,1
1764,1
1767,1
1770,1
1773,1500.0
1776,142.0
1779,711.0
1782,1
1785,1
1788,1
1791,9.0
1794,1.0
1797,6.0
1800,2226.0
1803,444.0
1806,2512.0
1809,1
1812,1
1815,1
1818,1
1821,1
1824,1
1827,1
1830,1
1833,839.0
1836,35.0
1839,1
1842,1
1845,1
1848,85.0
1851,1.0
1854,379.0
1857,13.0
1860,1.0
1863,1112.0
1866,463.0
1869,1003.0
1872,1
1875,1
1878,1
1881,2248.0
1884,1
1887,40.0
1890,1
1893,1
1896,1
1899,1.0
1902,1
1905,110.0
1908,1
1911,1881.0
1914,1
1917,1
1920,1
1923,1
1926,109.0
1929,16.0
1932,1
1935,1
1938,92927.0
1941,1
1944,1
1947,1
1950,1521.0
1953,1
1956,1
1959,1
1962,1
1965,1
1968,1
1971,3120.0
1974,1
1977,847.0
1980,1
1983,1.0
1986,1
1989,7.0
1992,16.0
1995,1.0
1998,1.0
2001,517.0
2004,1.0
2007,177.0
2010,1
2013,99.0
2016,86.0
2019,410.0
2022,1
2025,1
2028,55.0
2031,1.0
2034,1
2037,542.0
2040,360.0
2043,567.0
2046,1.0
2049,1
2052,66.0
2055,1.0
2058,139.0
2061,61.0
2064,1
2067,1166.0
2070,1
2073,16.0
2076,1
2079,319.0
2082,1
2085,83.0
2088,9000.0
2091,1
2094,2.0
2097,2.0
2100,1
2103,1322.0
2106,1
2109,1
2112,1
2115,685.0
2118,1
2121,1
2124,1
2127,1
2130,683.0
2133,926.0
2136,314.0
2139,1
2142,821.0
2145,1
2148,859.0
2151,85.0
2154,1
2157,1
2160,735.0
2163,1
2166,737.0
2169,1
2172,1
2175,1
2178,1
2181,1
2184,1
2187,243.0
2190,1
2193,317.0
2196,1
2199,1.0
2202,35.0
2205,861.0
2208,1
2211,1
2214,1
2217,1
2220,1
2223,315.0
2226,1
2229,1
2232,1
2235,42.0
2238,1
2241,1
2244,1
2247,65.0
2250,1
2253,144.0
2256,1
2259,1
2262,1.0
2265,1
2268,61.0
2271,1
2274,1
2277,1
2280,14.0
2283,1
2286,1
2289,1
2292,1
2295,2000.0
2298,1
2301,1
2304,13.0
2307,1
2310,1
2313,1
2316,1
2319,1
2322,1
2325,91.0
2328,108.0
2331,1
2334,615.0
2337,1
2340,175.0
2343,1
2346,1
2349,1
2352,1
2355,1
2358,1
2361,665.0
2364,1
2367,1
2370,1
2373,857.0
2376,1
2379,245.0
2382,1
2385,1
2388,1
2391,1
2394,1
2397,1
2400,1
2403,1
2406,1.0
2409,1
2412,692.0
2415,1
2418,1
2421,14445.0
2424,2.0
2427,1
2430,31.0
2433,1
2436,1
2439,1
2442,1
2445,1
2448,83.0
2451,1
2454,1
2457,1
2460,33.0
2463,891.0
2466,459.0
2469,1
2472,1
2475,1
2478,1
2481,1
2484,1
2487,886.0
2490,1
2493,1
2496,1
2499,1
2502,381.0
2505,1
2508,1
2511,1
2514,1.0
2517,1
2520,1
2523,1
2526,1
2529,353.0
2532,1
2535,1
2538,1
2541,1
2544,1
2547,1
2550,1
2553,1
2556,168.0
2559,1
2562,1
2565,1
2568,1
2571,1
2574,1
2577,1
2580,1
2583,18.0
2586,1
2589,2000.0
2592,1
2595,1
2598,1
2601,1
2604,1
2607,1
2610,1
2613,16.0
2616,1
2619,1
2622,1
2625,1144.0
2628,1
2631,1
2634,1
2637,1
2640,1
2643,1
2646,111.0
2649,1087.0
2652,1
2655,352.0
2658,595.0
2661,2205.0
2664,1
2667,1
2670,1
2673,1
2676,1
2679,1
2682,311.0
2685,498.0
2688,1
2691,1
2694,1
2697,35.0
2700,1
2703,9.0
2706,1
2709,1
2712,1
2715,1
2718,1
2721,245.0
2724,1
2727,1
2730,1
2733,35.0
2736,1
2739,1
2742,107.0
2745,1
2748,1
2751,1
2754,1
2757,1
2760,11.0
2763,1.0
2766,1.0
2769,1
2772,1
2775,1
2778,1
2781,32.0
2784,21.0
2787,1.0
2790,1
2793,1
2796,1
2799,1
2802,1
2805,1
2808,1
2811,1
2814,1
2817,1
2820,1
2823,1
2826,1
2829,1
2832,1
2835,1
2838,33.0
2841,1
2844,1
2847,1
2850,1
2853,737.0
2856,1
2859,1
2862,1
2865,1
2868,1
2871,1
2874,1
2877,267.0
2880,1
2883,1
2886,1
2889,1
2892,1
2895,227.0
2898,17.0
2901,1
2904,1
2907,1
2910,1
2913,1
2916,17.0
2919,1
2922,1
2925,539.0
2928,2643.0
2931,1
2934,1
2937,1
2940,1
2943,296.0
2946,1
2949,1
2952,1
2955,1
2958,1
2961,155.0
2964,1
2967,1999.0
2970,1
2973,1
2976,1
2979,1
2982,1
2985,1
2988,1
2991,354.0
2994,1.0
2997,1
3000,1
3003,1
3006,1.0
3009,1
3012,1
3015,1
3018,2620.0
3021,1
3024,1
3027,1
3030,1
3033,1
3036,141.0
3039,1
3042,1
3045,1
3048,1
3051,1
3054,65.0
3057,1
3060,1
3063,1
3066,1
3069,1
3072,1
3075,1
3078,1
3081,7.0
3084,1
3087,1
3090,521.0
3093,1
3096,1
3099,1
3102,1
3105,1
3108,1
3111,1
3114,1
3117,20.0
3120,1596.0
3123,1
3126,1
3129,1
3132,1
3135,1
3138,1
3141,521.0
3144,1
3147,1
3150,1
3153,1
3156,1
3159,1
3162,1
3165,1
3168,1
3171,1
3174,1
3177,1
3180,1
3183,853.0
3186,1
3189,1
3192,1
3195,1
3198,1
3201,1
3204,1
3207,1
3210,1
3213,1
3216,1
3219,1
3222,891.0
3225,1
3228,1
3231,1
3234,1
3237,1
3240,6.0
3243,522.0
3246,486.0
3249,1.0
3252,1
3255,1
3258,1
3261,1
3264,1
3267,1
3270,1
3273,1
3276,560.0
3279,1
3282,1
3285,435.0
3288,1
3291,1
3294,893.0
3297,1
3300,1
3303,1
3306,1
3309,1
3312,1
3315,1
3318,1
3321,1
3324,1
3327,1
3330,1
3333,1
3336,2615.0
3339,1
3342,1
3345,1
3348,1
3351,1
3354,1
3357,4003.0
3360,1
3363,1
3366,1
3369,1
3372,1
3375,1
3378,1
3381,33.0
3384,1
3387,1
3390,1.0
3393,1
3396,1
3399,1
3402,1
3405,1
3408,1
3411,5353.0
3414,1
3417,1
3420,1
3423,1
3426,1
3429,1
3432,1463.0
3435,1
3438,1
3441,1.0
3444,1
3447,1
3450,1
3453,1.0
3456,1
3459,1
3462,1.0
3465,1
3468,1
3471,1
3474,1
3477,599.0
3480,1
3483,1
3486,1
3489,1
3492,1
3495,1
3498,1
3501,1
3504,1
3507,1
3510,1
3513,1
3516,1
3519,1
3522,1
3525,1
3528,33.0
3531,1
3534,1
3537,1122.0
3540,1
3543,1
3546,1
3549,1
3552,1
3555,1
3558,3.0
3561,1
3564,1
3567,1
3570,1
3573,1
3576,1
3579,1
3582,1
3585,1
3588,1
3591,1
3594,858.0
3597,1
3600,1
3603,1
3606,1
3609,1
3612,1
3615,1
3618,1
3621,1
3624,1
3627,1
3630,1
3633,2145.0
3636,2.0
3639,1
3642,1
3645,1
3648,1
3651,1
3654,269.0
3657,1
3660,1
3663,1
3666,1
3669,1
3672,1
3675,1
3678,1
3681,1
3684,1
3687,1.0
3690,1
3693,1601.0
3696,1
3699,1
3702,1.0
3705,1
3708,1
3711,1
3714,1
3717,1
3720,1
3723,1
3726,1
3729,1
3732,1
3735,1.0
3738,1
3741,1
3744,309.0
3747,1
3750,1
3753,1
3756,1
3759,1
3762,1
3765,1
3768,1
3771,1
3774,38.0
3777,1121.0
3780,1
3783,1
3786,315.0
3789,1
3792,1
3795,55.0
3798,1
3801,1
3804,26.0
3807,1
3810,1.0
3813,1
3816,1
3819,1
3822,1
3825,29.0
3828,1
3831,1
3834,1
3837,1
3840,29.0
3843,1
3846,1
3849,1
3852,1
3855,1
3858,1
3861,1
3864,1
3867,1
3870,1
3873,1
3876,1
3879,1
3882,893.0
3885,1
3888,1
3891,714.0
3894,1
3897,1
3900,1.0
3903,1
3906,1
3909,1
3912,1
3915,1
3918,1
3921,1
3924,1
3927,1
3930,1
3933,1
3936,1
3939,1
3942,1
3945,1
3948,1
3951,1
3954,1
3957,1
3960,1
3963,1
3966,1
3969,1
3972,1
3975,1
3978,1
3981,1
3984,1
3987,1
3990,1
3993,1
3996,1
3999,1
4002,1
4005,1
4008,1
4011,1
4014,1
4017,1.0
4020,1
4023,1
4026,1
4029,1
4032,1
4035,1
4038,1
4041,61.0
4044,1
4047,1
4050,419.0
4053,27.0
4056,1
4059,1
4062,1
4065,1
4068,1
4071,1
4074,904.0
4077,1
4080,1
4083,1
4086,1
4089,1
4092,37.0
4095,1
4098,1
4101,1
4104,1
4107,1
4110,285.0
4113,1
4116,1
4119,1
4122,9.0
4125,1
4128,1.0
4131,1
4134,663.0
4137,1
4140,1
4143,1
4146,1
4149,1
4152,1
4155,1
4158,1
4161,1
4164,1
4167,1
4170,1
4173,1
4176,1
4179,1
4182,1
4185,1
4188,97.0
4191,1
4194,1
4197,1
4200,1
4203,1
4206,1
4209,1
4212,1
4215,1
4218,1
4221,1
4224,1
4227,256.0
4230,1
4233,1
4236,1
4239,302.0
4242,1
4245,1
4248,79.0
4251,1
4254,1
4257,1
4260,309.0
4263,1
4266,1
4269,1
4272,1
4275,1
4278,1
4281,1
4284,1
4287,1
4290,1
4293,1
4296,1
4299,1
4302,1
4305,1
4308,1
4311,1
4314,1
4317,1
4320,1
4323,1
4326,1
4329,1
4332,1
4335,1
4338,1
4341,1
4344,39.0
4347,1
4350,1
4353,1
4356,1
4359,1
4362,1
4365,1
4368,1
4371,1
4374,1
4377,1
4380,1
4383,1
4386,1
4389,1
4392,1
4395,1
4398,1
4401,1
4404,1
4407,1
4410,1
4413,1
4416,735.0
4419,1
4422,1
4425,1
4428,1
4431,1
4434,1
4437,1
4440,1
4443,1
4446,1
4449,1
4452,1
4455,1
4458,1
4461,1
4464,1
4467,1
4470,1
4473,1
4476,1
4479,1
4482,1
4485,1
4488,1
4491,1
4494,1
4497,1
4500,1
4503,1
4506,1
4509,1
4512,1
4515,1
4518,1
4521,1
4524,1
4527,1
4530,1
4533,1
4536,1
4539,1
4542,1
4545,1
4548,1
4551,1
4554,1
4557,1
4560,1
4563,1
4566,1
4569,1
4572,1
4575,1
4578,1
4581,1
4584,1
4587,1
4590,1
4593,1
4596,1
4599,1
4602,1
4605,1
4608,1
4611,1
4614,1
4617,1
4620,1
4623,1
4626,1
4629,1
4632,1
4635,1
4638,1
4641,1
4644,1
4647,1
4650,1
4653,1
4656,360.0
4659,1
4662,35.0
4665,1
4668,1
4671,1
4674,1
4677,1
4680,1
4683,1
4686,1
4689,1
4692,1
4695,1
4698,1
4701,1
4704,1
4707,1
4710,1
4713,1
4716,1
4719,1
4722,1
4725,1
4728,1
4731,1
4734,1
4737,1
4740,1
4743,1
4746,654.0
4749,1
4752,1
4755,1
4758,1
4761,1
4764,1
4767,1
4770,1
4773,1
4776,1
4779,1
4782,1
4785,1
4788,1
4791,1
4794,1
4797,1
4800,346.0
4803,1
4806,1
4809,1
4812,1
4815,1
4818,1
4821,1
4824,1
4827,1
4830,1
4833,1
4836,1
4839,1
4842,1
4845,1
4848,1
4851,1
4854,1
4857,1
4860,1
4863,11999.0
4866,1
4869,1
4872,1
4875,1
4878,1
4881,1
4884,1
4887,1
4890,1
4893,1
4896,1
4899,1
4902,1
4905,1
4908,1
4911,1
4914,1
4917,1
4920,1
4923,1
4926,1
4929,1
4932,1
4935,1
4938,1
4941,1
4944,1
4947,1
4950,10.0
4953,1
4956,1
4959,1
4962,1
4965,1
4968,1
4971,1
4974,1
4977,2020.0
4980,1
4983,1
4986,1
4989,1
4992,1
4995,1
4998,1
5001,1
5004,1
5007,1
5010,1
5013,1
5016,1
5019,1
5022,1
5025,1
5028,1
5031,1
5034,1
5037,1
5040,1
5043,1
5046,5.0
5049,1.0
5052,1
5055,1
5058,1
5061,1
5064,1
5067,1
5070,1
5073,1
5076,1
5079,1
5082,1
5085,1
5088,1
5091,1
5094,1
5097,1
5100,1
5103,1
5106,1
5109,1
5112,1
5115,1
5118,1
5121,1
5124,1
5127,263.0
5130,1
5133,1
5136,1
5139,1
5142,17.0
5145,1
5148,1
5151,1
5154,1
5157,1
5160,1
5163,1
5166,1
5169,1
5172,1
5175,1
5178,1
5181,1
5184,1
5187,1
5190,1
5193,1
5196,1
5199,1
5202,1
5205,1
5208,1
5211,1
5214,1
5217,1
5220,1
5223,1
5226,1
5229,1
5232,1
5235,1
5238,1
5241,1
5244,1
5247,1
5250,1
5253,1
5256,1
5259,1
5262,1
5265,1
5268,1
5271,1
5274,1
5277,1
5280,1
5283,1
5286,1
5289,1
5292,1
5295,1
5298,1
5301,1
5304,1
5307,1
5310,1
5313,1111.0
5316,1
5319,1
5322,1
5325,1
5328,1
5331,1
5334,1
5337,1
5340,1
5343,1
5346,1
5349,1
5352,1
5355,1
5358,1
5361,1
5364,1
5367,1
5370,1
5373,1
5376,1
5379,1
5382,1
5385,1
5388,1
5391,1
5394,1
5397,1
5400,1
5403,1
5406,1
5409,1
5412,1
5415,1
5418,1
5421,1
5424,1
5427,1
5430,1
5433,1
5436,1
5439,1
5442,1
5445,1
5448,1
5451,1
5454,1
5457,1
5460,1
5463,1
5466,1
5469,1
5472,1
5475,1
5478,1
5481,1
5484,1
5487,1
5490,1
5493,1
5496,9.0
5499,1
5502,1
5505,1
5508,1
5511,1
5514,1
5517,1
5520,1175.0
5523,1
5526,1
5529,1
5532,1
5535,1
5538,1
5541,1
5544,1
5547,1
5550,1
5553,1
5556,1
5559,1
5562,1
5565,1
5568,1
5571,1
5574,1
5577,1
5580,1
5583,1
5586,1
5589,1
5592,1
5595,1
5598,1
5601,1
5604,1
5607,1
5610,1
5613,1
5616,1
5619,1
5622,1
5625,1
5628,1
5631,1
5634,1
5637,1
5640,1
5643,1
5646,1
5649,1
5652,1
5655,1
5658,1
5661,1
5664,1
5667,1
5670,1
5673,1
5676,1
5679,1
5682,1
5685,1
5688,1
5691,1
5694,1
5697,1317.0
5700,1
5703,1
5706,1
5709,1
5712,1
5715,1
5718,1
5721,1
5724,1
5727,1
5730,1
5733,1
5736,1
5739,1
5742,1.0
5745,1
5748,1
5751,1
5754,1
5757,1
5760,1
5763,1
5766,1
5769,1
5772,1
5775,1
5778,1
5781,1
5784,1
5787,1
5790,1
5793,1
5796,1
5799,1
5802,1
5805,1
5808,1
5811,1
5814,1
5817,1
5820,1
5823,1
5826,1
5829,1
5832,1
5835,1
5838,1
5841,1
5844,1
5847,1
5850,1
5853,1
5856,1
5859,1
5862,1
5865,1
5868,1
5871,1
5874,1
5877,1
5880,1
5883,1
5886,1
5889,1
5892,1
5895,1
5898,1
5901,1
5904,1
5907,1
5910,1
5913,1
5916,1
5919,1
5922,1
5925,1
5928,1
5931,1
5934,1
5937,1
5940,1
5943,1
5946,1
5949,1
5952,1
5955,1
5958,1
5961,1
5964,1
5967,1
5970,1
5973,1
5976,1
5979,1
5982,1
5985,1
5988,1
5991,1
5994,1
5997,1
6000,1
6003,1
6006,1
6009,1
6012,1
6015,1
6018,1
6021,1
6024,1
6027,1
6030,1
6033,1
6036,1
6039,1
6042,1
6045,1
6048,1
6051,1
6054,1
6057,1
6060,1
6063,1
6066,1
6069,1
6072,1
6075,1
6078,1
6081,1
6084,1
6087,1
6090,1
6093,1
6096,1
6099,1
6102,1
6105,1
6108,1
6111,1
6114,1
6117,1
6120,1
6123,1
6126,1
6129,1
6132,1
6135,1
6138,1
6141,1
6144,1
6147,1
6150,1
6153,1
6156,1
6159,1
6162,1
6165,1
6168,1
6171,1
6174,1
6177,1
6180,1
6183,1
6186,1
6189,1
6192,1
6195,1
6198,1
6201,1
6204,1
6207,1
6210,1
6213,1
6216,1
6219,1
6222,1
6225,1
6228,1
6231,1
6234,1
6237,1
6240,1
6243,1
6246,1
6249,1
6252,1
6255,1
6258,1
6261,1
6264,1
6267,1
6270,969.0
6273,1
6276,1
6279,1
6282,1
6285,1
6288,1
6291,1
6294,1
6297,1
6300,1
6303,1
6306,1
6309,1
6312,1
6315,1
6318,1
6321,1
6324,1
6327,1
6330,1
6333,1
6336,1
6339,1
6342,1
6345,1
6348,1
6351,1
6354,1
6357,1
6360,1
6363,1
6366,1
6369,1
6372,1
6375,1
6378,1
6381,1
6384,1
6387,1
6390,1
6393,1
6396,1
6399,1
6402,1
6405,1
6408,1
6411,1
6414,1
6417,1
6420,1
6423,1
6426,1
6429,1
6432,1
6435,1
6438,1
6441,1
6444,1
6447,1
6450,1
6453,1
6456,1
6459,1
6462,1
6465,1
6468,1
6471,1
6474,1
6477,1
6480,1
6483,1
6486,1
6489,1
6492,1
6495,1
6498,1
6501,1
6504,1
6507,1
6510,1
6513,1
6516,1
6519,1
6522,1
6525,1
6528,1
6531,1
6534,1
6537,1
6540,1
6543,1
6546,1
6549,1
6552,1
6555,1
6558,1
6561,1
6564,1
6567,1
6570,1
6573,1
6576,1
6579,1
6582,421.0
6585,1.0
6588,1
6591,1
6594,1
6597,1
6600,1
6603,1
6606,1
6609,1
6612,1
6615,1
6618,1
6621,1
6624,1
6627,1
6630,1
6633,1
6636,1
6639,1
6642,1
6645,1
6648,1
6651,1
6654,1
6657,1
6660,1
6663,1
6666,1
6669,1
6672,1
6675,1
6678,1
6681,1
6684,1
6687,1
6690,1
6693,1
6696,1
6699,1
6702,1
6705,1
6708,1
6711,1
6714,1
6717,1
6720,1
6723,1
6726,1
6729,1
6732,1
6735,1
6738,1
6741,1
6744,1
6747,1
6750,1
6753,1
6756,1
6759,1
6762,1
6765,1
6768,1
6771,1
6774,1
6777,1
6780,1
6783,1
6786,1
6789,1
6792,1
6795,1
6798,1
6801,1
6804,1
6807,1
6810,1
6813,1
6816,1
6819,1
6822,1
6825,1
6828,1
6831,1
6834,1
6837,1
6840,1
6843,1
6846,1
6849,1
6852,1
6855,1
6858,1
6861,1
6864,1
6867,1
6870,1
6873,1
6876,1
6879,1
6882,1
6885,1
6888,1
6891,1
6894,1
6897,1
6900,1
6903,1
6906,1
6909,1
6912,1
6915,1
6918,1
6921,1
6924,1
6927,1
6930,1
6933,1
6936,1
6939,1
6942,1
6945,1
6948,1
6951,1
6954,1
6957,1
6960,1
6963,1
6966,1
6969,1
6972,1
6975,1
6978,1
6981,1
6984,1
6987,1
6990,1
6993,1
6996,1
6999,1
7002,1
7005,1
7008,1
7011,1
7014,1
7017,1
7020,1
7023,1
7026,1
7029,1
7032,1
7035,1
7038,1
7041,1
7044,1
7047,1
7050,1
7053,1
7056,1
7059,1
7062,1
7065,1
7068,1
7071,1
7074,1
7077,1
7080,1
7083,1
7086,1
7089,1
7092,1
7095,1
7098,1
7101,1
7104,1
7107,1
7110,1
7113,1
7116,1
7119,1
7122,1
7125,1
7128,1
7131,1
7134,1
7137,1
7140,1
7143,1
7146,1
7149,1
7152,1
7155,1
7158,1
7161,1
7164,1
7167,1
7170,1
7173,1
7176,1
7179,1
7182,1
7185,1
7188,1
7191,1
7194,1
7197,1
7200,1
7203,1
7206,1
7209,1
7212,1
7215,1
7218,1
7221,1
7224,1
7227,1
7230,1
7233,1
7236,1
7239,1
7242,1
7245,1
7248,1
7251,1
7254,1
7257,1
7260,1
7263,1
7266,1
7269,1
7272,1
7275,1
7278,1
7281,1
7284,1
7287,1
7290,1
7293,1
7296,1
7299,1
7302,1
7305,1
7308,1
7311,1
7314,1
7317,1
7320,1
7323,1
7326,1
7329,1
7332,1
7335,1
7338,1
7341,1
7344,1
7347,1
7350,1
7353,1
7356,1
7359,1
7362,1
7365,1
7368,1
7371,1
7374,1
7377,1
7380,1
7383,1
7386,1
7389,1
7392,17.0
7395,1
7398,1
7401,1
7404,1
7407,1
7410,1
7413,1
7416,1
7419,1
7422,1
7425,1
7428,1
7431,1
7434,1
7437,1
7440,1
7443,1
7446,1
7449,1
7452,1
7455,1
7458,1
7461,1
7464,1
7467,1
7470,1
7473,1
7476,1
7479,1
7482,1
7485,1
7488,1
7491,1
7494,1
7497,1
7500,1
7503,1
7506,1
7509,1
7512,1
7515,1
7518,1
7521,1
7524,1
7527,1
7530,1
7533,1
7536,1
7539,1
7542,1
7545,1
7548,1
7551,1
7554,1
7557,1
7560,1
7563,1
7566,1
7569,1
7572,1
7575,1
7578,1
7581,1
7584,1
7587,1
7590,1
7593,1
7596,1
7599,1
7602,1
7605,1
7608,1
7611,1
7614,1
7617,1
7620,1
7623,1
7626,1
7629,1
7632,1
7635,1
7638,1
7641,1
7644,1
7647,1
7650,1
7653,1
7656,1
7659,411.0
7662,1
7665,1
7668,1
7671,1
7674,1
7677,1
7680,1116.0
7683,1
7686,1
7689,1
7692,1
7695,1
7698,1
7701,1
7704,1
7707,1
7710,1
7713,1
7716,1
7719,1
7722,1
7725,1516.0
7728,1
7731,1
7734,1
7737,1
7740,1
7743,1
7746,1
7749,1
7752,1
7755,1
7758,1
7761,1
7764,1
7767,1
7770,1
7773,1
7776,1
7779,1
7782,1
7785,1
7788,1
7791,1
7794,1
7797,1
7800,17.0
7803,1
7806,1
7809,1
7812,1
7815,1
7818,1
7821,1
7824,1
7827,1
7830,1
7833,1
7836,1
7839,1
7842,1
7845,1
7848,1
7851,1
7854,1
7857,1
7860,1
7863,1
7866,1
7869,1
7872,1111.0
7875,1
7878,1111.0
7881,1
7884,1
7887,1
7890,1
7893,1
7896,1
7899,1
7902,1
7905,1
7908,1
7911,1
7914,1
7917,1
7920,1
7923,1
7926,1
7929,1
7932,1
7935,1
7938,1
7941,1
7944,1
7947,1
7950,1
7953,1
7956,1
7959,1
7962,1
7965,1
7968,1
7971,1
7974,1
7977,1
7980,1
7983,1
7986,1
7989,1
7992,1
7995,1
7998,1
8001,1
8004,1
8007,1
8010,1
8013,1
8016,1
8019,1
8022,1
8025,1
8028,1
8031,1
8034,1
8037,1
8040,1
8043,1
8046,1
8049,1
8052,1
8055,1
8058,1
8061,1
8064,1
8067,1
8070,1
8073,1
8076,1
8079,1
8082,1
8085,1
8088,1
8091,1
8094,1
8097,1
8100,1
8103,1
8106,1
8109,1
8112,1
8115,1
8118,1
8121,1
8124,1
8127,1
8130,1
8133,1
8136,1
8139,1
8142,1
8145,1
8148,1
8151,1
8154,1
8157,1
8160,1
8163,1
8166,1
8169,1
8172,1
8175,1
8178,1
8181,1
8184,1
8187,1
8190,1
8193,1
8196,1
8199,1
8202,1
8205,1
8208,1
8211,1
8214,1
8217,1
8220,1
8223,1
8226,1
8229,1
8232,1
8235,1
8238,1
8241,1
8244,1
8247,1
8250,1
8253,1
8256,1
8259,1
8262,1
8265,1
8268,1
8271,1
8274,1
8277,1
8280,1
8283,1
8286,1
8289,1
8292,1
8295,1
8298,1
8301,1
8304,1
8307,1
8310,1
8313,1
8316,1
8319,1
8322,1
8325,1
8328,1
8331,1618.0
8334,1
8337,1
8340,1
8343,1
8346,1
8349,1
8352,1
8355,1
8358,1
8361,1
8364,1
8367,1
8370,1
8373,1
8376,1
8379,1
8382,1
8385,1
8388,1
8391,1
8394,1
8397,1
8400,1
8403,1
8406,1
8409,1
8412,1
8415,501.0
8418,1.0
8421,1
8424,1
8427,1
8430,1
8433,1
8436,1
8439,1
8442,1
8445,1
8448,1
8451,1
8454,1
8457,1
8460,1
8463,1
8466,1
8469,1
8472,1
8475,1
8478,1
8481,1
8484,1
8487,1
8490,1
8493,1
8496,1
8499,1
8502,1
8505,1
8508,1
8511,1
8514,1
8517,1
8520,1
8523,1
8526,1
8529,1
8532,1
8535,1
8538,1
8541,1
8544,1
8547,1
8550,1
8553,1
8556,1
8559,1
8562,1
8565,1
8568,3.0
8571,3.0
8574,1
8577,1
8580,1
8583,1
8586,1
8589,1
8592,1
8595,1
8598,1
8601,1
8604,1
8607,1
8610,1
8613,1
8616,1
8619,1
8622,1
8625,1
8628,1
8631,1
8634,1
8637,1
8640,1
8643,1
8646,1
8649,1
8652,1
8655,1
8658,1
8661,1
8664,1
8667,1
8670,1
8673,1
8676,1
8679,1
8682,1
8685,1
8688,1
8691,1
8694,1
8697,1
8700,1
8703,1
8706,1
8709,1
8712,1
8715,1
8718,1
8721,1
8724,1
8727,1
8730,1
8733,1
8736,1
8739,1
8742,1
8745,1
8748,1
8751,1
8754,1
8757,1
8760,1
8763,1
8766,1
8769,1
8772,1
8775,1
8778,1
8781,1
8784,1
8787,1
8790,1
8793,1
8796,1
8799,1
8802,1
8805,1
8808,1
8811,1
8814,1
8817,1
8820,1
8823,1
8826,1
8829,1
8832,1
8835,1
8838,1
8841,1
8844,1
8847,1
8850,1
8853,1
8856,1
8859,1
8862,1
8865,1
8868,1
8871,1
8874,1
8877,1
8880,1
8883,1
8886,1
8889,1
8892,1
8895,1
8898,1
8901,1
8904,1
8907,1
8910,1
8913,1
8916,1
8919,1
8922,1
8925,1
8928,1
8931,1
8934,1
8937,1
8940,1
8943,1
8946,1
8949,1
8952,1
8955,1
8958,1
8961,1
8964,1
8967,1
8970,1
8973,1
8976,1
8979,1
8982,1
8985,1
8988,1
8991,1
8994,1
8997,1
9000,1
9003,1
9006,1
9009,1
9012,1
9015,1
9018,1
9021,1
9024,1
9027,1
9030,1
9033,1
9036,1
9039,1
9042,1
9045,1
9048,1
9051,1
9054,1
9057,1
9060,1
9063,1
9066,1
9069,1
9072,1
9075,1
9078,1
9081,1
9084,1
9087,1
9090,1
9093,1
9096,1
9099,1
9102,1
9105,1
9108,1
9111,1
9114,1
9117,1
9120,1
9123,1
9126,1
9129,1
9132,1
9135,1
9138,132.0
9141,1
9144,1
9147,1
9150,1
9153,1
9156,1
9159,1
9162,1
9165,1
9168,1
9171,1
9174,1
9177,1
9180,1
9183,1
9186,1
9189,1
9192,1
9195,1
9198,1
9201,1
9204,1
9207,1
9210,1
9213,1
9216,1
9219,1
9222,1
9225,1
9228,1
9231,1
9234,1
9237,1
9240,1
9243,1
9246,1
9249,1
9252,1
9255,1
9258,1
9261,1
9264,1
9267,1
9270,1
9273,1
9276,1
9279,1
9282,1
9285,1
9288,1
9291,1
9294,1
9297,1
9300,1
9303,1
9306,1
9309,1
9312,1
9315,1
9318,1
9321,1
9324,1
9327,1
9330,1
9333,1
9336,1
9339,1
9342,1
9345,1
9348,1
9351,1
9354,1
9357,1
9360,1
9363,1
9366,1
9369,1
9372,1
9375,1
9378,1
9381,1
9384,1
9387,1
9390,1
9393,1
9396,1
9399,1
9402,1
9405,1
9408,1
9411,1
9414,1
9417,1
9420,1
9423,1
9426,1
9429,1
9432,1
9435,1
9438,1
9441,1
9444,1
9447,1
9450,1
9453,1
9456,1
9459,1
9462,1
9465,1
9468,1
9471,1
9474,1
9477,1
9480,1
9483,1
9486,1
9489,1
9492,1
9495,1
9498,1
9501,1
9504,1
9507,1
9510,1
9513,1
9516,1
9519,1
9522,1
9525,1
9528,1
9531,1
9534,1
9537,1
9540,1
9543,1
9546,1
9549,1
9552,1
9555,1
9558,1
9561,1
9564,1
9567,1
9570,1
9573,1
9576,1
9579,1
9582,1
9585,1
9588,1
9591,1
9594,1
9597,1
9600,1
9603,1
9606,1
9609,1
9612,1
9615,1
9618,1
9621,1
9624,1
9627,1
9630,1
9633,1
9636,1
9639,1
9642,1
9645,1
9648,1
9651,1
9654,1
9657,1
9660,1
9663,1
9666,1
9669,1
9672,1
9675,1
9678,1
9681,1
9684,1
9687,1
9690,1
9693,1
9696,1
9699,1
9702,1
9705,1
9708,1
9711,1
9714,1
9717,1
9720,1
9723,1
9726,1
9729,1
9732,1
9735,1
9738,1
9741,1
9744,1
9747,1
9750,1
9753,1
9756,1
9759,1
9762,1
9765,1
9768,1
9771,1
9774,1
9777,1
9780,1
9783,1
9786,1
9789,1
9792,1
9795,1
9798,1
9801,1
9804,1
9807,1
9810,1
9813,1
9816,1
9819,1
9822,1
9825,1
9828,1
9831,1
9834,1
9837,1
9840,1
9843,1
9846,1
9849,1
9852,1
9855,1
9858,1
9861,1
9864,1
9867,1
9870,1
9873,1
9876,1
9879,1
9882,1
9885,1
9888,1
9891,1
9894,1
9897,1
9900,1
9903,1
9906,1
9909,1
9912,1
9915,1
9918,1
9921,1
9924,1
9927,1
9930,1
9933,1
9936,1
9939,1
9942,1
9945,1
9948,1
9951,1
9954,1
9957,1
9960,1
9963,1
9966,1
9969,1
9972,1
9975,1
9978,1
9981,1
9984,1
9987,1
9990,1
9993,1
9996,1
9999,1
10002,1
10005,1
10008,1
10011,1
10014,1
10017,1
10020,1
10023,1
10026,1
10029,1
10032,1
10035,1
10038,1
10041,1
10044,1
10047,1
10050,1
10053,1
10056,1
10059,1
10062,1
10065,1
10068,1
10071,1
10074,1
10077,1
10080,1
10083,1
10086,1
10089,1
10092,1
10095,1
10098,1
10101,1
10104,1
10107,1
10110,1
10113,1
10116,1
10119,1
10122,1
10125,1
10128,1
10131,1
10134,1
10137,1
10140,1
10143,1
10146,1
10149,1
10152,1
10155,1
10158,1
10161,1
10164,1
10167,1
10170,1
10173,1
10176,1
10179,1
10182,1
10185,1
10188,1
10191,1
10194,1
10197,1
10200,1
10203,1
10206,1
10209,1
10212,1
10215,1
10218,1
10221,1
10224,1
10227,1
10230,1
10233,1
10236,1
10239,1
10242,1
10245,1
10248,1
10251,1
10254,1
10257,1
10260,1
10263,1
10266,1
10269,1
10272,1
10275,1
10278,1
10281,1
10284,1
10287,1
10290,1
10293,1
10296,1
10299,1
10302,1
10305,1
10308,1
10311,1
10314,1
10317,1
10320,1
10323,1
10326,1
10329,1
10332,1
10335,1
10338,1
10341,1
10344,1
10347,1
10350,1
10353,1
10356,1
10359,1
10362,1
10365,1
10368,1
10371,1
10374,1
10377,1
10380,1
10383,1
10386,1
10389,1
10392,1
10395,1
10398,1
10401,1
10404,1
10407,1
10410,1
10413,1
10416,1
10419,1
10422,1
10425,1
10428,1
10431,1
10434,1
10437,1
10440,1
10443,1
10446,1
10449,1
10452,1
10455,1
10458,1
10461,1
10464,1
10467,1
10470,1
10473,1
10476,1
10479,1
10482,1
10485,1
10488,1
10491,1
10494,1
10497,1
10500,1
10503,1
10506,1
10509,1
10512,1
10515,1
10518,1
10521,1
10524,1
10527,1
10530,1
10533,1
10536,1
10539,1
10542,1
10545,1
10548,1
10551,1
10554,1
10557,1
10560,1
10563,1
10566,1
10569,1
10572,1
10575,1
10578,1
10581,1
10584,1
10587,1
10590,1
10593,1
10596,1
10599,1
10602,1
10605,1
10608,1
10611,1
10614,1
10617,1
10620,1
10623,1
10626,1
10629,1
10632,1
10635,1
10638,1
10641,1
10644,1
10647,1
10650,1
10653,1
10656,1
10659,1
10662,1
10665,1
10668,1
10671,1
10674,1
10677,1
10680,1
10683,1
10686,1
10689,1
10692,1
10695,1
10698,1
10701,1
10704,1
10707,1
10710,1
10713,1
10716,1
10719,1
10722,1
10725,1
10728,1
10731,1
10734,1
10737,1
10740,1
10743,1
10746,1
10749,1
10752,1
10755,1
10758,1
10761,1
10764,1
10767,1
10770,1
10773,1
10776,1
10779,1
10782,1
10785,1
10788,1
10791,1
10794,1
10797,1
10800,1
10803,1
10806,1
10809,8386.0
10812,1
10815,1
10818,1
10821,1
10824,1
10827,1
10830,1
10833,1
10836,1
10839,1
10842,1
10845,1
10848,1
10851,1
10854,1
10857,1
10860,1
10863,1
10866,1
10869,1
10872,1
10875,1
10878,1
10881,1
10884,1
10887,1
10890,1
10893,1
10896,1
10899,1
10902,1
10905,1
10908,1
10911,1
10914,1
10917,1
10920,1
10923,1
10926,1
10929,1
10932,1
10935,1
10938,1
10941,1
10944,1
10947,1
10950,1
10953,1
10956,1
10959,1
10962,1
10965,1
10968,1
10971,1
10974,1
10977,1
10980,1
10983,1
10986,1
10989,1
10992,1
10995,1
10998,1
11001,1
11004,1
11007,1
11010,1
11013,1
11016,1
11019,1
11022,1
11025,1
11028,1
11031,1
11034,1
11037,1
11040,1
11043,1
11046,1
11049,1
11052,1
11055,1
11058,1
11061,1
11064,1
11067,1
11070,1
11073,1
11076,1
11079,1
11082,1
11085,1
11088,1
11091,1
11094,1
11097,1
11100,1
11103,1
11106,1
11109,1
11112,1
11115,1
11118,1
11121,1
11124,1
11127,1
11130,1
11133,1
11136,1
11139,1
11142,1
11145,1
11148,1
11151,1
11154,1
11157,1
11160,1
11163,1
11166,1
11169,1
11172,1
11175,1
11178,1
11181,1
11184,1
11187,1
11190,1
11193,1
11196,1
11199,1
11202,1
11205,1
11208,1
11211,1
11214,1
11217,1
11220,1
11223,1
11226,1
11229,1
11232,467.0
11235,1
11238,1
11241,1
11244,1
11247,1
11250,1
11253,1
11256,1
11259,1
11262,1
11265,1
11268,1
11271,1
11274,1
11277,1
11280,1
11283,1
11286,1
11289,1
11292,1
11295,1
11298,1
11301,1
11304,1
11307,1
11310,1
11313,1
11316,1
11319,1
11322,1
11325,1
11328,1
11331,1
11334,1
11337,1
11340,1
11343,1
11346,1
11349,1
11352,1
11355,1
11358,1
11361,1
11364,1
11367,1
11370,1
11373,1
11376,1
11379,1
11382,1
11385,1
11388,1
11391,1
11394,1
11397,1
11400,1
11403,1
11406,1
11409,1
11412,1
11415,1.0
11418,250.0
11421,1
11424,1
11427,1
11430,1
11433,1
11436,1
11439,1
11442,1
11445,1
11448,1
11451,1
11454,1
11457,1
11460,1
11463,1
11466,1
11469,1
11472,1
11475,1
11478,1
11481,1
11484,1
11487,1
11490,1
11493,1
11496,1
11499,1
11502,1
11505,1
11508,1
11511,1
11514,2011.0
11517,1
11520,1
11523,1
11526,1
11529,1
11532,1
11535,1
11538,1
11541,1
11544,1
11547,1
11550,1
11553,1
11556,1
11559,1
11562,1
11565,1
11568,1
11571,1
11574,1
11577,1
11580,1
11583,1
11586,1
11589,1
11592,1
11595,1
11598,1
11601,1
11604,1
11607,1
11610,1
11613,1
11616,1
11619,1
11622,1
11625,1
11628,1
11631,1
11634,1
11637,1
11640,1
11643,1
11646,1
11649,1
11652,1
11655,1
11658,1
11661,1
11664,1
11667,1
11670,1
11673,1
11676,1
11679,1
11682,1
11685,1
11688,1
11691,1
11694,1
11697,1
11700,1
11703,1
11706,1
11709,1
11712,1
11715,1
11718,1
11721,1
11724,1
11727,1
11730,1
11733,1
11736,1
11739,1
11742,1
11745,1
11748,1
11751,1
11754,1
11757,1
11760,1
11763,1
11766,1
11769,1
11772,1
11775,1
11778,1
11781,1
11784,1
11787,1
11790,5.0
11793,1
11796,1
11799,1
11802,1
11805,1
11808,1
11811,1
11814,1
11817,1
11820,1
11823,1
11826,1
11829,1
11832,1
11835,1
11838,1
11841,1
11844,1
11847,1
11850,1
11853,1
11856,1
11859,1
11862,1
11865,1
11868,1
11871,1
11874,1
11877,1
11880,1
11883,1
11886,1
11889,1
11892,1
11895,1
11898,1
11901,1
11904,1
11907,1
11910,1
11913,1
11916,1
11919,1
11922,1
11925,1
11928,1
11931,1
11934,1
11937,1
11940,1
11943,1
11946,1
11949,1
11952,1
11955,1
11958,1
11961,1
11964,1
11967,1
11970,1
11973,1
11976,1
11979,1
11982,1
11985,1
11988,1
11991,1
11994,1
11997,1
12000,1
12003,1
12006,1
12009,1
12012,1
12015,1
12018,1
12021,1
12024,1
12027,1
12030,1
12033,1
12036,1
12039,1
12042,1
12045,1
12048,1
12051,1
12054,1
12057,1
12060,1
12063,1
12066,1
12069,1
12072,1
12075,1
12078,1
12081,1
12084,1
12087,1
12090,1
12093,1
12096,1
12099,1
12102,1
12105,1
12108,1
12111,1
12114,1
12117,1
12120,1
12123,1
12126,1
12129,1
12132,1
12135,1
12138,1
12141,1
12144,1
12147,1
12150,1
12153,1
12156,1
12159,1
12162,1
12165,1
12168,1
12171,1
12174,1
12177,1
12180,1
12183,1
12186,1
12189,1
12192,1
12195,1
12198,1
12201,1
12204,1
12207,1
12210,1
12213,1
12216,1
12219,1
12222,1
12225,1
12228,1
12231,1
12234,1
12237,1
12240,1
12243,1
12246,1
12249,1
12252,1
12255,1
12258,1
12261,1
12264,1
12267,1
12270,1
12273,1
